a,b,n,rho,lo,hi
libero/libero_10,simpler_env/widowx_vm,68,0.66,0.49,0.8
libero/libero_goal,simpler_env/widowx_vm,68,0.62,0.45,0.75
libero/libero_spatial,simpler_env/widowx_vm,67,0.59,0.4,0.73
libero/__overall__,simpler_env/widowx_vm,66,0.65,0.48,0.78
libero/libero_object,simpler_env/widowx_vm,65,0.6,0.4,0.74
libero/libero_10,libero_plus/light,61,0.54,0.28,0.72
libero/libero_goal,libero_plus/light,61,0.64,0.42,0.8
libero/libero_spatial,libero_plus/background,61,0.24,-0.05,0.49
libero/libero_spatial,libero_plus/light,61,0.53,0.29,0.7
libero/__overall__,libero_plus/background,61,0.27,-0.02,0.52
libero/libero_10,libero_plus/background,61,0.27,-0.01,0.51
libero/__overall__,libero_plus/light,61,0.57,0.34,0.76
libero/libero_goal,libero_plus/background,61,0.43,0.18,0.65
libero/__overall__,libero_plus/layout,60,0.52,0.27,0.71
libero/__overall__,libero_plus/language,60,0.59,0.37,0.77
libero/libero_10,libero_plus/layout,60,0.55,0.3,0.73
libero/libero_spatial,libero_plus/language,60,0.54,0.33,0.72
libero/libero_goal,libero_plus/language,60,0.6,0.38,0.77
libero/libero_spatial,libero_plus/layout,60,0.48,0.24,0.67
libero/libero_goal,libero_plus/layout,60,0.54,0.3,0.72
libero/libero_10,libero_plus/language,60,0.59,0.35,0.75
libero/libero_goal,libero_plus/robot,59,0.5,0.25,0.7
libero/libero_10,libero_plus/robot,59,0.66,0.47,0.79
libero/libero_goal,libero_plus/noise,59,0.29,0.01,0.53
calvin/__overall__,libero/libero_10,59,0.5,0.23,0.71
calvin/__overall__,libero/libero_goal,59,0.41,0.1,0.65
libero/libero_10,libero_plus/noise,59,0.24,-0.02,0.49
libero/libero_spatial,libero_plus/noise,59,0.22,-0.06,0.46
libero/libero_spatial,libero_plus/robot,59,0.61,0.44,0.75
libero/__overall__,libero_plus/robot,59,0.62,0.42,0.78
calvin/__overall__,libero/libero_spatial,59,0.4,0.11,0.63
libero/__overall__,libero_plus/noise,59,0.23,-0.04,0.48
libero/__overall__,libero_plus/__overall__,58,0.43,0.15,0.65
libero/libero_goal,libero_plus/camera,58,0.2,-0.08,0.46
libero/__overall__,libero_plus/camera,58,0.19,-0.1,0.46
libero/libero_10,libero_plus/__overall__,58,0.45,0.18,0.65
libero/libero_10,libero_plus/camera,58,0.25,-0.02,0.51
libero/libero_goal,libero_plus/__overall__,58,0.47,0.21,0.68
libero/libero_object,libero_plus/background,58,0.42,0.16,0.64
libero/libero_object,libero_plus/light,58,0.64,0.44,0.78
libero/libero_spatial,libero_plus/__overall__,58,0.42,0.17,0.62
libero/libero_spatial,libero_plus/camera,58,0.22,-0.07,0.48
libero/libero_object,libero_plus/language,57,0.57,0.34,0.74
libero/libero_object,libero_plus/layout,57,0.55,0.31,0.73
calvin/__overall__,libero/__overall__,56,0.47,0.19,0.69
libero/libero_object,libero_plus/robot,56,0.58,0.37,0.72
libero/libero_object,libero_plus/noise,56,0.26,-0.02,0.5
libero/libero_object,libero_plus/__overall__,55,0.5,0.26,0.7
libero/libero_object,libero_plus/camera,55,0.3,0.04,0.54
calvin/__overall__,libero/libero_object,54,0.39,0.07,0.65
libero/__overall__,simpler_env/google_robot_vm,52,0.66,0.48,0.78
libero/libero_goal,simpler_env/google_robot_vm,52,0.55,0.33,0.69
libero/libero_10,simpler_env/google_robot_vm,52,0.65,0.43,0.81
libero/libero_spatial,simpler_env/google_robot_vm,51,0.62,0.4,0.77
libero/libero_object,simpler_env/google_robot_vm,50,0.54,0.3,0.73
libero/libero_10,robotwin_v2/easy,46,0.53,0.27,0.73
libero/__overall__,robotwin_v2/easy,45,0.47,0.19,0.68
libero/libero_spatial,robotwin_v2/easy,45,0.45,0.19,0.66
libero/libero_goal,simpler_env/google_robot_va,44,0.48,0.21,0.68
libero/libero_10,simpler_env/google_robot_va,44,0.65,0.41,0.81
libero/libero_10,robotwin_v2/hard,44,0.55,0.3,0.74
libero/libero_spatial,simpler_env/google_robot_va,44,0.5,0.2,0.72
libero/__overall__,simpler_env/google_robot_va,44,0.61,0.36,0.78
libero/libero_goal,robotwin_v2/easy,43,0.41,0.11,0.62
libero/libero_object,robotwin_v2/easy,43,0.59,0.32,0.79
libero/__overall__,robotwin_v2/hard,43,0.56,0.29,0.74
libero/libero_spatial,robotwin_v2/hard,43,0.42,0.14,0.65
libero/libero_object,robotwin_v2/hard,42,0.62,0.39,0.79
libero/libero_goal,robotwin_v2/hard,42,0.43,0.13,0.66
libero/libero_object,simpler_env/google_robot_va,42,0.59,0.33,0.77
libero/libero_10,robocasa/panda,32,0.51,0.21,0.75
libero/libero_spatial,robocasa/panda,29,0.49,0.14,0.76
libero/libero_goal,robocasa/panda,29,0.56,0.21,0.8
libero/__overall__,robocasa/panda,28,0.52,0.19,0.76
libero/libero_object,robocasa/panda,26,0.55,0.12,0.82
libero_plus/background,simpler_env/widowx_vm,22,0.69,0.32,0.89
libero_plus/__overall__,simpler_env/widowx_vm,22,0.56,0.09,0.84
libero_plus/robot,simpler_env/widowx_vm,22,0.72,0.39,0.89
libero_plus/noise,simpler_env/widowx_vm,22,0.28,-0.22,0.67
libero_plus/language,simpler_env/widowx_vm,22,0.68,0.27,0.9
libero_plus/camera,simpler_env/widowx_vm,22,0.26,-0.27,0.7
libero_plus/light,simpler_env/widowx_vm,22,0.61,0.19,0.86
libero_plus/layout,simpler_env/widowx_vm,22,0.44,-0.08,0.78
libero/__overall__,robocasa/gr1,20,0.56,0.18,0.77
libero/libero_spatial,robocasa/gr1,20,0.2,-0.23,0.55
libero/libero_goal,robocasa/gr1,20,0.46,0.08,0.73
libero/libero_object,robocasa/gr1,20,0.48,0.11,0.69
libero/libero_10,robocasa/gr1,20,0.57,0.18,0.82
libero_plus/camera,robotwin_v2/easy,19,0.26,-0.24,0.69
libero_plus/layout,robotwin_v2/easy,19,0.33,-0.15,0.75
libero_plus/light,robotwin_v2/easy,19,0.29,-0.22,0.71
libero_plus/noise,robotwin_v2/easy,19,0.09,-0.42,0.6
libero_plus/__overall__,robotwin_v2/easy,19,0.25,-0.24,0.67
libero_plus/background,robotwin_v2/easy,19,-0.03,-0.53,0.46
libero_plus/language,robotwin_v2/easy,19,0.22,-0.24,0.6
libero_plus/robot,robotwin_v2/easy,19,0.54,0.05,0.76
calvin/__overall__,simpler_env/widowx_vm,18,0.44,-0.03,0.8
robocasa/panda,simpler_env/widowx_vm,17,0.8,0.42,0.93
robocasa/panda,simpler_env/google_robot_vm,17,0.83,0.51,0.95
calvin/__overall__,simpler_env/google_robot_vm,17,0.38,-0.19,0.8
libero_plus/layout,robotwin_v2/hard,17,0.2,-0.32,0.73
libero_plus/light,robotwin_v2/hard,17,0.21,-0.42,0.69
libero_plus/camera,simpler_env/google_robot_vm,17,0.06,-0.47,0.55
libero_plus/language,robotwin_v2/hard,17,0.09,-0.49,0.56
libero_plus/background,robotwin_v2/hard,17,-0.1,-0.65,0.48
libero_plus/camera,robotwin_v2/hard,17,0.25,-0.3,0.73
libero_plus/background,simpler_env/google_robot_vm,17,0.59,0.08,0.9
libero_plus/__overall__,simpler_env/google_robot_vm,17,0.49,-0.03,0.82
libero_plus/__overall__,robotwin_v2/hard,17,0.17,-0.39,0.66
libero_plus/language,simpler_env/google_robot_vm,17,0.62,0.14,0.9
libero_plus/light,simpler_env/google_robot_vm,17,0.61,0.13,0.85
libero_plus/noise,simpler_env/google_robot_vm,17,0.13,-0.41,0.61
libero_plus/robot,simpler_env/google_robot_vm,17,0.67,0.22,0.94
libero_plus/robot,robotwin_v2/hard,17,0.36,-0.21,0.73
libero_plus/noise,robotwin_v2/hard,17,0.05,-0.49,0.57
libero_plus/layout,simpler_env/google_robot_vm,17,0.39,-0.24,0.81
libero_plus/__overall__,simpler_env/google_robot_va,15,0.51,-0.01,0.87
libero_plus/light,simpler_env/google_robot_va,15,0.42,-0.2,0.85
libero_plus/robot,simpler_env/google_robot_va,15,0.69,0.21,0.93
libero_plus/background,simpler_env/google_robot_va,15,0.55,0.01,0.82
libero_plus/noise,simpler_env/google_robot_va,15,0.26,-0.29,0.69
libero_plus/layout,simpler_env/google_robot_va,15,0.31,-0.28,0.78
libero_plus/language,simpler_env/google_robot_va,15,0.47,-0.13,0.86
libero_plus/camera,simpler_env/google_robot_va,15,0.23,-0.4,0.71
robocasa/gr1,robotwin_v2/hard,14,0.78,0.47,0.95
robocasa/gr1,robotwin_v2/easy,14,0.76,0.45,0.93
calvin/__overall__,simpler_env/google_robot_va,14,0.47,-0.2,0.85
robocasa/gr1,simpler_env/widowx_vm,13,0.58,-0.1,0.94
calvin/__overall__,robotwin_v2/easy,12,0.21,-0.51,0.75
libero/libero_object,libero_pro/object_task,12,0.33,-0.46,0.89
libero/libero_object,libero_pro/object_pos,11,0.05,-0.63,0.75
calvin/__overall__,libero_plus/noise,11,0.32,-0.52,0.86
calvin/__overall__,libero_plus/background,11,0.48,-0.27,0.85
calvin/__overall__,libero_plus/light,11,0.52,-0.33,0.89
calvin/__overall__,libero_plus/layout,10,0.5,-0.29,0.96
calvin/__overall__,libero_plus/language,10,0.59,-0.33,0.94
calvin/__overall__,libero_plus/camera,10,0.6,-0.2,0.95
calvin/__overall__,libero_plus/robot,10,0.61,-0.13,1.0
calvin/__overall__,libero_plus/__overall__,10,0.56,-0.24,0.97
libero/libero_spatial,libero_pro/spatial_task,10,-0.12,-0.69,0.57
libero/libero_spatial,libero_pro/object_task,10,0.3,-0.38,0.82
libero/libero_spatial,libero_pro/object_pos,10,-0.02,-0.68,0.62
libero/libero_spatial,libero_pro/spatial_pos,10,0.56,-0.09,0.94
libero/libero_object,libero_pro/spatial_pos,9,0.32,-0.62,0.85
libero/libero_object,libero_pro/spatial_task,9,0.13,-0.6,0.85
robocasa/gr1,simpler_env/google_robot_vm,9,0.54,-0.1,0.95
calvin/__overall__,robocasa/panda,9,0.82,0.34,0.98
calvin/__overall__,robotwin_v2/hard,9,0.58,-0.13,1.0
calvin/__overall__,libero/libero_90,8,0.41,-0.51,0.96
libero/__overall__,mikasa/__overall__,8,0.69,-0.11,1.0
libero/__overall__,libero_pro/spatial_task,8,-0.36,-0.92,0.41
libero/__overall__,libero_pro/spatial_pos,8,0.73,-0.1,1.0
libero/__overall__,libero_pro/object_task,8,0.51,-0.32,0.98
libero/__overall__,libero_pro/object_pos,8,0.41,-0.46,0.94
libero/libero_goal,mikasa/__overall__,8,0.64,-0.23,1.0
libero/libero_90,simpler_env/widowx_vm,8,0.57,-0.24,0.97
libero/libero_10,mikasa/__overall__,8,0.69,-0.11,1.0
libero/libero_90,simpler_env/google_robot_va,8,0.38,-0.54,1.0
libero/libero_10,libero_pro/spatial_pos,8,0.76,-0.06,1.0
libero/libero_10,libero_pro/spatial_task,8,-0.24,-0.84,0.48
libero/libero_10,libero_pro/object_pos,8,0.4,-0.49,0.92
libero/libero_10,libero_pro/object_task,8,0.51,-0.32,0.98
libero/libero_90,simpler_env/google_robot_vm,8,0.5,-0.27,1.0
libero/libero_spatial,mikasa/__overall__,8,0.69,-0.11,1.0
libero_plus/background,robocasa/panda,8,0.24,-0.67,1.0
libero_plus/language,robocasa/panda,8,0.6,-0.23,0.97
libero_plus/camera,robocasa/panda,8,0.62,-0.23,0.97
libero_plus/__overall__,robocasa/panda,8,0.48,-0.5,1.0
libero_plus/layout,robocasa/panda,8,0.19,-0.62,0.85
libero_plus/noise,robocasa/panda,8,0.38,-0.52,0.94
libero_plus/light,robocasa/panda,8,0.48,-0.27,0.77
libero_plus/robot,robocasa/panda,8,0.38,-0.61,1.0
robocasa/panda,simpler_env/google_robot_va,8,0.43,-0.62,0.96
